<?xml version="1.0" encoding="utf-8"?>
<extension type="component" version="2.0">
	<name>Water Quality Portal</name>
	<author>Jack Smith</author>
	<copyright>Copyright 2005-2015 Purdue University. All rights reserved.</copyright>
	<license>http://www.gnu.org/licenses/lgpl-3.0.html LGPLv3</license>
	<description>Provide local interface to WQP sampling stations and results in WV</description>
	<files>
		<filename>router.php</filename>
		<filename>wqp.php</filename>
		<filename>index.html</filename>
	</files>
	<languages>
		<language tag="en-GB">en-GB.com_wqp.ini</language>
	</languages>
	<install>
		<sql>
			<file charset="utf8" driver="mysql">install.sql</file>
		</sql>
	</install>
	<uninstall>
	</uninstall>
	<administration>
		<menu>WQP</menu>
		<files>
			<filename>install.sql</filename>
			<filename>wqp.php</filename>
			<filename>config.xml</filename>
			<filename>index.html</filename>
		</files>
	</administration>
</extension>
